[
    {
        "id": "bad32127-1ac6-4052-8318-edaf6469c77e",
        "title": "Easy question",
        "description": "It is too easy",
        "image": "uploads/111.jpg",
        "questions": [
            {
                "id": "3654852e-736d-4bad-a571-e52b6dcb5fc9",
                "text": "Dog or Cat?",
                "hint": "Guess",
                "description": "What?",
                "options": [
                    {
                        "text": "Dog",
                        "scores": {
                            "awareness": 5,
                            "confidence": 3,
                            "habits": 3,
                            "support": 3,
                            "trust": 2,
                            "preparedness": 1
                        }
                    },
                    {
                        "text": "Cat",
                        "scores": {
                            "awareness": -5,
                            "confidence": -3,
                            "habits": -2,
                            "support": -4,
                            "trust": -1,
                            "preparedness": -3
                        }
                    }
                ]
            },
            {
                "id": "4cdb27a4-724c-4b17-af31-8be6b59c3015",
                "text": "Game or Study",
                "hint": "I am hign GPA student",
                "description": "Noone loves study",
                "options": [
                    {
                        "text": "Game",
                        "scores": {
                            "awareness": 4,
                            "confidence": 3,
                            "habits": 1,
                            "support": 3,
                            "trust": 2,
                            "preparedness": 5
                        }
                    },
                    {
                        "text": "Study",
                        "scores": {
                            "awareness": -4,
                            "confidence": -5,
                            "habits": 3,
                            "support": 2,
                            "trust": 1,
                            "preparedness": -5
                        }
                    }
                ]
            },
            {
                "id": "54ded73e-161f-4183-9317-2dc4e59de97a",
                "text": "What means 8080?????",
                "hint": "8080!!",
                "description": "Loooking carefully in the hits next time",
                "options": [
                    {
                        "text": "80 + 80",
                        "scores": {
                            "awareness": 2,
                            "confidence": 1,
                            "habits": 2,
                            "support": 1,
                            "trust": 0,
                            "preparedness": 2
                        }
                    },
                    {
                        "text": "8 * 8 *0 *0",
                        "scores": {
                            "awareness": -4,
                            "confidence": -2,
                            "habits": -4,
                            "support": -2,
                            "trust": -5,
                            "preparedness": -1
                        }
                    },
                    {
                        "text": "8080!!",
                        "scores": {
                            "awareness": 4,
                            "confidence": 2,
                            "habits": 3,
                            "support": 4,
                            "trust": 2,
                            "preparedness": 1
                        }
                    }
                ]
            }
        ]
    },
    {
        "id": "3546c057-87be-46a6-9168-4dab11e64d40",
        "title": "Testing",
        "description": "sasasasasasasa",
        "image": "uploads/0d03c9e9-6727-486a-8053-9d681d7cde2a.png",
        "questions": [
            {
                "id": "b3ab54ce-30ef-4e14-be9c-d77c8f231a20",
                "text": "Choose yes",
                "hint": "yes",
                "description": "yes",
                "options": [
                    {
                        "text": "yes ",
                        "scores": {
                            "awareness": 5,
                            "confidence": 3,
                            "habits": 5,
                            "support": 5,
                            "trust": 3,
                            "preparedness": 5
                        }
                    },
                    {
                        "text": "No",
                        "scores": {
                            "awareness": 0,
                            "confidence": 1,
                            "habits": 0,
                            "support": 0,
                            "trust": 0,
                            "preparedness": 0
                        }
                    }
                ]
            },
            {
                "id": "f4e0471f-fca9-44c6-99a2-adc4ea435cef",
                "text": "Choose Yes",
                "hint": "Choose Yes",
                "description": "zxzxzx",
                "options": [
                    {
                        "text": "Yes",
                        "scores": {
                            "awareness": 5,
                            "confidence": 3,
                            "habits": 5,
                            "support": 4,
                            "trust": 3,
                            "preparedness": 4
                        }
                    },
                    {
                        "text": "No",
                        "scores": {
                            "awareness": 0,
                            "confidence": 0,
                            "habits": 0,
                            "support": 0,
                            "trust": 0,
                            "preparedness": 0
                        }
                    }
                ]
            },
            {
                "id": "75a237cb-4477-45b3-9018-63749869c266",
                "text": "Choose Yes",
                "hint": "Choose Yes",
                "description": "yes",
                "options": [
                    {
                        "text": "Yes",
                        "scores": {
                            "awareness": 5,
                            "confidence": 3,
                            "habits": 5,
                            "support": 4,
                            "trust": 3,
                            "preparedness": 4
                        }
                    },
                    {
                        "text": "No",
                        "scores": {
                            "awareness": 0,
                            "confidence": 0,
                            "habits": 0,
                            "support": 0,
                            "trust": 0,
                            "preparedness": 0
                        }
                    }
                ]
            },
            {
                "id": "2d82e4f2-86ca-4cf9-92c3-816153e890a6",
                "text": "Choose Yes",
                "hint": "Choose Yes",
                "description": "Yes",
                "options": [
                    {
                        "text": "Yes",
                        "scores": {
                            "awareness": 5,
                            "confidence": 4,
                            "habits": 5,
                            "support": 4,
                            "trust": 3,
                            "preparedness": 4
                        }
                    },
                    {
                        "text": "No",
                        "scores": {
                            "awareness": 0,
                            "confidence": 0,
                            "habits": 0,
                            "support": 0,
                            "trust": 0,
                            "preparedness": 0
                        }
                    }
                ]
            }
        ]
    }
]